{"stats":{"minecraft:custom":{"minecraft:jump":100,"minecraft:time_since_rest":1,"minecraft:deaths":1,"minecraft:damage_dealt":20,"minecraft:crouch_one_cm":103,"minecraft:leave_game":2,"minecraft:play_time":8716,"minecraft:sprint_one_cm":23618,"minecraft:damage_taken":255,"minecraft:time_since_death":435,"minecraft:walk_one_cm":8197,"minecraft:sneak_time":9,"minecraft:total_world_time":8716,"minecraft:fall_one_cm":3462,"minecraft:fly_one_cm":21883},"minecraft:mined":{"minecraft:tall_grass":1}},"DataVersion":3465}