{"stats":{"minecraft:picked_up":{"minecraft:oak_log":6},"minecraft:custom":{"minecraft:jump":10,"minecraft:time_since_rest":216,"minecraft:leave_game":1,"minecraft:deaths":1,"minecraft:damage_taken":260,"minecraft:sprint_one_cm":8203,"minecraft:play_time":3904,"minecraft:time_since_death":0,"minecraft:walk_one_cm":8062,"minecraft:total_world_time":3904,"minecraft:interact_with_crafting_table":1,"minecraft:fall_one_cm":420,"minecraft:fly_one_cm":1218},"minecraft:crafted":{"minecraft:crafting_table":1,"minecraft:oak_planks":24,"minecraft:stick":12},"minecraft:used":{"minecraft:crafting_table":1},"minecraft:mined":{"minecraft:oak_log":6},"minecraft:killed_by":{"minecraft:witch":1}},"DataVersion":3465}