{"stats":{"minecraft:crafted":{"minecraft:crafting_table":1,"minecraft:spruce_planks":28},"minecraft:mined":{"minecraft:grass_block":2,"minecraft:spruce_log":8},"minecraft:picked_up":{"minecraft:spruce_log":8,"minecraft:dirt":2,"minecraft:egg":1},"minecraft:custom":{"minecraft:time_since_rest":724,"minecraft:play_time":27646,"minecraft:sprint_one_cm":73828,"minecraft:walk_one_cm":46054,"minecraft:damage_taken":880,"minecraft:deaths":3,"minecraft:walk_under_water_one_cm":16708,"minecraft:jump":192,"minecraft:damage_dealt":59,"minecraft:leave_game":1,"minecraft:time_since_death":686,"minecraft:walk_on_water_one_cm":7573,"minecraft:total_world_time":27646,"minecraft:interact_with_crafting_table":3,"minecraft:fall_one_cm":5198,"minecraft:fly_one_cm":43241},"minecraft:used":{"minecraft:dirt":2,"minecraft:crafting_table":1,"minecraft:egg":1}},"DataVersion":3465}